{"root":[{"assemblyName":"Assembly-CSharp","nameSpace":"Mirror","className":"GeneratedNetworkCode","methodName":"InitReadWriters","loadTypes":1,"isUnityClass":false},{"assemblyName":"Mirror","nameSpace":"Mirror","className":"NetworkLoop","methodName":"RuntimeInitializeOnLoad","loadTypes":0,"isUnityClass":false},{"assemblyName":"Mirror","nameSpace":"Mirror","className":"GeneratedNetworkCode","methodName":"InitReadWriters","loadTypes":1,"isUnityClass":false},{"assemblyName":"Mirror.Examples","nameSpace":"Mirror","className":"GeneratedNetworkCode","methodName":"InitReadWriters","loadTypes":1,"isUnityClass":false},{"assemblyName":"Mirror.Authenticators","nameSpace":"Mirror","className":"GeneratedNetworkCode","methodName":"InitReadWriters","loadTypes":1,"isUnityClass":false},{"assemblyName":"Mirror.Components","nameSpace":"Mirror","className":"GeneratedNetworkCode","methodName":"InitReadWriters","loadTypes":1,"isUnityClass":false},{"assemblyName":"Bolt.Core.Runtime","nameSpace":"Bolt","className":"ApplicationVariables","methodName":"OnEnterPlayMode","loadTypes":1,"isUnityClass":false},{"assemblyName":"Bolt.Core.Runtime","nameSpace":"Bolt","className":"SavedVariables","methodName":"OnEnterPlayMode","loadTypes":1,"isUnityClass":false},{"assemblyName":"Ludiq.Core.Runtime","nameSpace":"Ludiq","className":"Ensure","methodName":"OnRuntimeMethodLoad","loadTypes":1,"isUnityClass":false},{"assemblyName":"Ludiq.Core.Runtime","nameSpace":"Ludiq","className":"Recursion","methodName":"OnRuntimeMethodLoad","loadTypes":1,"isUnityClass":false},{"assemblyName":"Ludiq.Core.Runtime","nameSpace":"Ludiq","className":"OptimizedReflection","methodName":"OnRuntimeMethodLoad","loadTypes":1,"isUnityClass":false},{"assemblyName":"Ludiq.Core.Runtime","nameSpace":"Ludiq","className":"ReferenceCollector","methodName":"Initialize","loadTypes":1,"isUnityClass":false},{"assemblyName":"Ludiq.Core.Runtime","nameSpace":"Ludiq","className":"UnityThread","methodName":"RuntimeInitialize","loadTypes":1,"isUnityClass":false}]}
